SMILES,MolWt,LogP,TPSA
CCO,46.069,-0.0014000000000000123,20.23
c1ccccc1,78.11399999999999,1.6866,0.0
CC(=O)O,60.05200000000001,0.09089999999999993,37.3
CCN(CC)CC,101.193,1.3481,3.24
C1=CC=CN=C1,79.10199999999999,1.0816,12.89
